metric,value
train_rmse,0.5361024632979593
train_r2,0.934587061160752
test_rmse,1.6790938567040699
test_r2,-0.5778849743498966
cv_r2_mean,-1.0437561414133334
cv_r2_std,1.2705071735634639
